Date,Open,High,Low,Close,Volume,- SPREAD -,
,,,,,,(High-Low),(Open-Close)
31-07-2020,120.9,123,118.3,118.85,48949,4.7,2.05
30-07-2020,123.2,123.75,120.2,120.9,33682,3.55,2.3
29-07-2020,123.5,125.05,122,122.5,42767,3.05,1
28-07-2020,124.25,125.55,122.5,122.95,39986,3.05,1.3
27-07-2020,128,129,122,123.55,61454,7,4.45
24-07-2020,127.25,132.7,125.45,128.25,96140,7.25,-1
23-07-2020,127.1,129.95,125.15,128.6,58092,4.8,-1.5
22-07-2020,129.4,132.4,126.1,128.6,313247,6.3,0.8
21-07-2020,126,126.5,122.5,122.7,70971,4,3.3
20-07-2020,128.15,129,123.2,124.8,55522,5.8,3.35
17-07-2020,123.9,130.6,123.25,128.15,227870,7.35,-4.25
16-07-2020,124.05,125.8,122,123.35,52591,3.8,0.7
15-07-2020,123,131.25,121.05,123.75,285736,10.2,-0.75
14-07-2020,123.05,126.7,121.35,122.45,43665,5.35,0.6
13-07-2020,125.2,127.5,122.05,123.6,54660,5.45,1.6
10-07-2020,127.1,129.35,124.25,125.15,48653,5.1,1.95
09-07-2020,128.3,130.75,127.5,128.35,37632,3.25,-0.05
08-07-2020,130.6,133.4,126.6,127.35,74261,6.8,3.25
07-07-2020,132.5,134.45,128.25,129.65,72557,6.2,2.85
06-07-2020,134.55,134.95,132.1,132.4,63740,2.85,2.15
03-07-2020,136.9,137.3,132.5,133.2,88845,4.8,3.7
02-07-2020,135.2,141.75,134.2,136.05,221644,7.55,-0.85
01-07-2020,134.3,137,132.95,134.05,60304,4.05,0.25
30-06-2020,136.65,139.7,132,133.35,150949,7.7,3.3
29-06-2020,139.3,140.7,132.8,136.3,203073,7.9,3
26-06-2020,131.8,142.45,131.8,138.4,595448,10.65,-6.6
25-06-2020,131.6,137.5,128.6,131.05,123852,8.9,0.55
24-06-2020,137.8,142.5,132,133.05,387217,10.5,4.75
23-06-2020,131.8,139.4,128,136.85,282225,11.4,-5.05
22-06-2020,132,134.75,129,130.95,171460,5.75,1.05
19-06-2020,123.6,132.85,123.55,131.7,424129,9.3,-8.1
18-06-2020,119.05,124.35,119,122.75,129886,5.35,-3.7
17-06-2020,117.25,121.2,116.75,118.2,90366,4.45,-0.95
16-06-2020,123,125,116.05,116.95,251009,8.95,6.05
15-06-2020,125.15,125.8,120,120.75,147318,5.8,4.4
12-06-2020,128.1,130.8,118.3,126.6,342922,12.5,1.5
11-06-2020,129.85,137.8,128.15,133.45,342863,9.65,-3.6
10-06-2020,129.4,134.9,127.9,130.1,208344,7,-0.7
09-06-2020,127.35,138,125.45,128.1,399272,12.55,-0.75
08-06-2020,129.05,132.4,126,126.45,200516,6.4,2.6
05-06-2020,127.2,131.8,123.95,125.6,186482,7.85,1.6
04-06-2020,125,132,122,125.3,232232,10,-0.3
03-06-2020,116,134.4,113.95,123.1,741118,20.45,-7.1
02-06-2020,115,117.2,110.45,113.65,105598,6.75,1.35
01-06-2020,113.8,118.5,111.65,113.7,201395,6.85,0.1
29-05-2020,108.2,111.8,108.2,109.55,72959,3.6,-1.35
28-05-2020,112.5,116.95,107,108.1,233879,9.95,4.4
27-05-2020,100.9,119,99.4,112.2,869906,19.6,-11.3
26-05-2020,101.6,101.6,98.85,99.2,12121,2.75,2.4
22-05-2020,100.4,101.85,98.3,98.65,23763,3.55,1.75
21-05-2020,100.75,103.05,99.8,100.4,24066,3.25,0.35
20-05-2020,100.95,102,99,100.1,24829,3,0.85
19-05-2020,99.75,102.6,97.8,101.1,41554,4.8,-1.35
18-05-2020,102,102,96.45,98.05,38741,5.55,3.95
15-05-2020,103.9,104,101,101.7,26993,3,2.2
14-05-2020,101.65,106,100.85,104,53963,5.15,-2.35
13-05-2020,104.9,104.9,100.7,102.8,41042,4.2,2.1
12-05-2020,101.45,101.45,97.25,99.9,35851,4.2,1.55
11-05-2020,104,104.8,100.4,100.8,26353,4.4,3.2
08-05-2020,104.75,104.75,101,102.4,31538,3.75,2.35
07-05-2020,103.9,104.65,102,102.4,20280,2.65,1.5
06-05-2020,104.5,105.8,101.5,102.35,45682,4.3,2.15
05-05-2020,106.75,106.75,102.1,102.45,39255,4.65,4.3
04-05-2020,104.1,108,102.1,103.3,58694,5.9,0.8
30-04-2020,109.45,112,107.4,108.5,87475,4.6,0.95
29-04-2020,106.3,114.15,103.1,107.95,273597,11.05,-1.65
28-04-2020,106.9,107.1,102.6,103.5,43433,4.5,3.4
27-04-2020,108.9,109.8,105,105.45,59422,4.8,3.45
24-04-2020,105,112,102.65,106.1,151697,9.35,-1.1
23-04-2020,108.4,109.6,104.25,104.8,101874,5.35,3.6
22-04-2020,99.3,109.8,99.3,106.05,147153,10.5,-6.75
21-04-2020,107,107,99.95,100.45,129736,7.05,6.55
20-04-2020,118.95,118.95,102.25,111.05,204888,16.7,7.9
17-04-2020,120.4,123.7,110,115.85,498662,13.7,4.55
16-04-2020,95.8,112.3,93.85,112.3,611224,18.45,-16.5
15-04-2020,98,101,93,93.6,160349,8,4.4
13-04-2020,98,98,92.25,95.6,63997,5.75,2.4
09-04-2020,96,101,94.4,95.95,204627,6.6,0.05
08-04-2020,96,100.9,91.1,93.1,190911,9.8,2.9
07-04-2020,98,99,95.05,95.85,35612,3.95,2.15
03-04-2020,90.35,97,90.35,94.55,19731,6.65,-4.2
01-04-2020,98,98,90.6,91.9,16725,7.4,6.1
31-03-2020,90.3,98,90.3,95.75,17540,7.7,-5.45
30-03-2020,95.8,95.8,90.25,92.15,16438,5.55,3.65
27-03-2020,100.65,104,92,92.9,48144,12,7.75
26-03-2020,96,101.25,90.25,99.7,42582,11,-3.7
25-03-2020,83,95.95,83,93,13558,12.95,-10
24-03-2020,102.15,102.15,84,88.4,31709,18.15,13.75
23-03-2020,99,99.95,92.85,92.9,15537,7.1,6.1
20-03-2020,102,107.75,96.95,103.15,38346,10.8,-1.15
19-03-2020,101.75,104.55,94.1,98.1,50480,10.45,3.65
18-03-2020,114.7,117.4,101.95,103.65,35608,15.45,11.05
17-03-2020,125.75,125.75,110.6,113.15,112538,15.15,12.6
16-03-2020,133,133,124.1,125.75,24760,8.9,7.25
13-03-2020,125,138,112.2,134.75,61750,25.8,-9.75
12-03-2020,146.2,149.8,123.3,136.65,126009,26.5,9.55
11-03-2020,153.05,158.9,153.05,154.1,19026,5.85,-1.05
09-03-2020,167.85,167.85,151.2,152.65,68524,16.65,15.2
06-03-2020,161,174.2,156.35,169.7,36320,17.85,-8.7
05-03-2020,169.7,174,167.3,169.8,35002,6.7,-0.1
04-03-2020,178.35,180.65,160.35,167.9,77679,20.3,10.45
03-03-2020,180.7,184.85,173.35,178.1,22813,11.5,2.6
02-03-2020,183.5,189.55,175,179.45,16424,14.55,4.05
28-02-2020,186.7,186.7,177.35,181.95,34742,9.35,4.75
27-02-2020,189.05,189.6,182.95,188.2,27338,6.65,0.85
26-02-2020,191.05,191.9,186.15,191,44233,5.75,0.05
25-02-2020,191,196.9,191,192.15,22301,5.9,-1.15
24-02-2020,198.7,200,192.05,193.4,46271,7.95,5.3
20-02-2020,203.3,203.3,198,199.7,58350,5.3,3.6
19-02-2020,196.9,204.7,196.9,202.5,87402,7.8,-5.6
18-02-2020,191,201.95,182.3,195.65,176708,19.65,-4.65
17-02-2020,196.9,200,189.5,190.05,50490,10.5,6.85
14-02-2020,203.9,207.45,194,195.15,68144,13.45,8.75
13-02-2020,212.4,212.5,201.1,202.5,66423,11.4,9.9
12-02-2020,210.65,217.55,208.4,210.55,39207,9.15,0.1
11-02-2020,213.45,215.95,209.95,210.95,35431,6,2.5
10-02-2020,211,216.5,208.2,210.8,36323,8.3,0.2
07-02-2020,218.05,219.5,211.1,212.95,31418,8.4,5.1
06-02-2020,218,223,215.45,216.75,48911,7.55,1.25
05-02-2020,218.4,222.7,215.15,217.05,65218,7.55,1.35
04-02-2020,215.95,225.45,214.6,215.95,179614,10.85,0
03-02-2020,206.1,216.3,204.7,212.25,126789,11.6,-6.15
01-02-2020,227.9,227.9,202.95,210.55,254121,24.95,17.35
31-01-2020,244.35,254.7,222.3,228.6,269749,32.4,15.75
30-01-2020,253.8,253.8,240.75,242.1,102195,13.05,11.7
29-01-2020,260,264,251,252.2,66210,13,7.8
28-01-2020,260,268.5,253,256.9,179424,15.5,3.1
27-01-2020,274,277.5,258,259.65,104217,19.5,14.35
24-01-2020,273.3,277.45,270.25,274.25,171973,7.2,-0.95
23-01-2020,251.5,284.9,251.5,270.7,1035095,33.4,-19.2
22-01-2020,256,258.8,248,250.85,67271,10.8,5.15
21-01-2020,245,258.6,241.2,252.8,132785,17.4,-7.8
20-01-2020,252.8,256.7,244.4,245.65,27813,12.3,7.15
17-01-2020,257,258,249.95,250.8,62260,8.05,6.2
16-01-2020,245.35,259.9,245,255.9,224011,14.9,-10.55
15-01-2020,246.5,247.2,241,245.35,64052,6.2,1.15
14-01-2020,249.5,252.6,243.6,245.15,72975,9,4.35
13-01-2020,236.25,255.8,232.6,250.1,434423,23.2,-13.85
10-01-2020,247.2,247.2,232.65,236.9,174067,14.55,10.3
09-01-2020,247.1,260.1,242,244,511109,18.1,3.1
08-01-2020,240,272,234,246.55,3587568,38,-6.55
07-01-2020,200.9,237.65,200.85,237.65,1293029,36.8,-36.75
06-01-2020,201.65,204.7,197.1,198.05,33308,7.6,3.6
03-01-2020,215.6,216.8,207,207.8,50782,9.8,7.8
02-01-2020,199.85,217,198.1,214.55,146094,18.9,-14.7
01-01-2020,199.9,201.65,197.1,198.95,13235,4.55,0.95
31-12-2019,198.1,202.45,196.5,198.65,18795,5.95,-0.55
30-12-2019,196,201.8,196,198.1,22705,5.8,-2.1
27-12-2019,201.6,204.7,197,197.55,23048,7.7,4.05
26-12-2019,201.6,209,198.6,201.9,45865,10.4,-0.3
24-12-2019,195.4,204.8,194,201.75,31716,10.8,-6.35
23-12-2019,203,203.8,194,196,25710,9.8,7
20-12-2019,206,211.15,201.55,202.6,41600,9.6,3.4
19-12-2019,194.4,215.5,192.7,209.75,259291,22.8,-15.35
18-12-2019,194.55,199,193.05,193.35,14102,5.95,1.2
17-12-2019,194.45,196.05,192.5,193.2,12260,3.55,1.25
16-12-2019,196.5,196.5,192.5,193.25,5946,4,3.25
13-12-2019,192.05,198,192.05,195.1,13157,5.95,-3.05
12-12-2019,191.65,194.45,191.65,193.2,7259,2.8,-1.55
11-12-2019,190.1,194.9,190.1,192.95,17740,4.8,-2.85
10-12-2019,190.95,194.2,190.55,193.05,31534,3.65,-2.1
09-12-2019,192.3,195.4,190.25,191.15,21755,5.15,1.15
06-12-2019,197.55,199.3,190.1,192,21509,9.2,5.55
05-12-2019,190.9,199.95,190,197.3,45286,9.95,-6.4
04-12-2019,194.5,194.5,189.55,191.1,16239,4.95,3.4
03-12-2019,196,197,190.1,191.9,24505,6.9,4.1
02-12-2019,205.9,206.95,194.4,195.8,42297,12.55,10.1
29-11-2019,210.3,218,202.6,204.15,66655,15.4,6.15
28-11-2019,216.5,217.9,209,210.25,45199,8.9,6.25
27-11-2019,203.3,220.85,203.25,213.95,195568,17.6,-10.65
26-11-2019,210.05,214.75,202,203.3,49878,12.75,6.75
25-11-2019,213.9,222,208.1,210.05,135687,13.9,3.85
22-11-2019,188.85,219,186.35,211.9,304796,32.65,-23.05
21-11-2019,190.2,190.8,187.95,189.9,34958,2.85,0.3
20-11-2019,189.05,191.45,189,190,20841,2.45,-0.95
19-11-2019,190.15,191.75,188.1,190.6,18830,3.65,-0.45
18-11-2019,189,192.9,188.1,190.5,21192,4.8,-1.5
15-11-2019,191.8,192,186.7,189.8,34383,5.3,2
14-11-2019,190,200,189.1,190.2,39141,10.9,-0.2
13-11-2019,190,193.45,187.35,190.05,53691,6.1,-0.05
11-11-2019,193,196.5,188,189.95,30468,8.5,3.05
08-11-2019,193,197.9,189.9,190.6,42226,8,2.4
07-11-2019,192,202,188.15,196.1,100843,13.85,-4.1
06-11-2019,192.55,199,187.55,189.95,53420,11.45,2.6
05-11-2019,189,196.05,181,194.3,114560,15.05,-5.3
04-11-2019,188.4,195,186,188.2,162134,9,0.2
01-11-2019,169.05,188.9,169,183.5,313513,19.9,-14.45
31-10-2019,166.2,176.5,165.55,168.7,78366,10.95,-2.5
30-10-2019,162.65,168.5,161.3,164.7,55223,7.2,-2.05
29-10-2019,158.85,165,158,161.65,34652,7,-2.8
27-10-2019,161.5,161.5,158,158.55,7047,3.5,2.95
25-10-2019,159.4,160.95,155.2,157.3,31407,5.75,2.1
24-10-2019,161.65,166.8,159,159.4,78459,7.8,2.25
23-10-2019,154.5,166.3,152.55,159.6,130094,13.75,-5.1
22-10-2019,150,159.3,142.35,152.9,107414,16.95,-2.9
18-10-2019,153,153,147.5,147.95,48055,5.5,5.05
17-10-2019,149.35,149.55,142.1,148,16222,7.45,1.35
16-10-2019,149.5,152.45,145.25,147.95,12063,7.2,1.55
15-10-2019,150.25,155,149.5,150.95,14146,5.5,-0.7
14-10-2019,147.25,152.45,145,151.45,22538,7.45,-4.2
11-10-2019,149.8,150.3,147.1,147.8,9655,3.2,2
10-10-2019,147.15,148.7,145.5,147.05,18307,3.2,0.1
09-10-2019,149.5,150.5,145.1,148.65,20299,5.4,0.85
07-10-2019,148.1,152.2,142.6,144.9,30903,9.6,3.2
04-10-2019,152.65,153.95,147.1,149.35,25811,6.85,3.3
03-10-2019,150,153.4,148.05,150.15,21068,5.35,-0.15
01-10-2019,151.05,155.7,147.3,151.35,64374,8.4,-0.3
30-09-2019,161.8,163.8,146.6,150.85,388100,17.2,10.95
27-09-2019,167.8,172,161.15,161.8,27992,10.85,6
26-09-2019,162.95,173.8,160,166.4,37376,13.8,-3.45
25-09-2019,166.35,166.4,161,161.85,12188,5.4,4.5
24-09-2019,170.85,181,165,166.55,64393,16,4.3
23-09-2019,163.05,174.8,163,170.9,53807,11.8,-7.85
20-09-2019,153.95,167.05,151.8,160.7,27274,15.25,-6.75
19-09-2019,162.7,162.75,152.1,153.65,7512,10.65,9.05
18-09-2019,156.95,161.7,156.8,158.1,7662,4.9,-1.15
17-09-2019,163.95,170.4,155.6,156.95,19459,14.8,7
16-09-2019,168.05,168.7,161.7,164.7,9354,7,3.35
13-09-2019,167.05,172.5,164,169.75,16813,8.5,-2.7
12-09-2019,172.85,184.5,165,167.05,36092,19.5,5.8
11-09-2019,150.5,178.3,148.25,174.05,109014,30.05,-23.55
09-09-2019,147.65,151.95,146.25,148.6,15754,5.7,-0.95
06-09-2019,146.3,153,144.25,151.6,15836,8.75,-5.3
05-09-2019,143.4,147.75,142,146.45,10792,5.75,-3.05
04-09-2019,144.8,144.8,141.1,142.4,8566,3.7,2.4
03-09-2019,146.9,147.95,139,143,17572,8.95,3.9
30-08-2019,147.9,149.85,145.55,147.85,7798,4.3,0.05
29-08-2019,147.25,148.95,145.05,147.9,9883,3.9,-0.65
28-08-2019,153.3,153.95,147.1,148.2,7115,6.85,5.1
27-08-2019,152.8,156.5,150,152.95,21549,6.5,-0.15
26-08-2019,157.5,157.5,149.5,151.05,11953,8,6.45
23-08-2019,140.55,152.95,139.5,150.2,18856,13.45,-9.65
22-08-2019,148.05,149.05,142.2,144,19706,6.85,4.05
21-08-2019,155.5,158.95,146.35,148.65,38461,12.6,6.85
20-08-2019,156.05,159.7,156,158.05,11114,3.7,-2
19-08-2019,157.65,159.95,154.05,158.65,6925,5.9,-1
16-08-2019,150,155,150,153.7,5619,5,-3.7
14-08-2019,157,161.8,152.15,153.35,6356,9.65,3.65
13-08-2019,161.9,161.9,151.8,158.85,11872,10.1,3.05
09-08-2019,155.9,162,153.3,156.4,15908,8.7,-0.5
08-08-2019,156.85,156.95,150.8,151.9,12774,6.15,4.95
07-08-2019,151.2,159,151.2,152.9,10787,7.8,-1.7
06-08-2019,147.8,153,147.8,151.2,12432,5.2,-3.4
05-08-2019,152,163.8,143,147.6,45311,20.8,4.4
02-08-2019,150.85,154.9,147.3,148.4,16287,7.6,2.45
01-08-2019,153.5,156.7,151.25,152.3,9976,5.45,1.2
31-07-2019,157.2,157.2,152.15,153.55,7369,5.05,3.65
30-07-2019,160.95,162.5,152.5,153.45,13347,10,7.5
29-07-2019,156.5,168.05,152.25,159.25,25507,15.8,-2.75
26-07-2019,151.5,158.95,151.3,155.5,12473,7.65,-4
25-07-2019,160,162,152.75,154.55,25994,9.25,5.45
24-07-2019,169.9,170.9,158.2,159.4,20778,12.7,10.5
23-07-2019,149,174.5,147.7,169.05,73580,26.8,-20.05
22-07-2019,150.1,151.85,145.1,146.45,18785,6.75,3.65
19-07-2019,158.65,158.9,150,151.4,28002,8.9,7.25
18-07-2019,160.85,160.85,157.25,158.7,6310,3.6,2.15
17-07-2019,162.6,162.6,159.1,159.65,9953,3.5,2.95
16-07-2019,162.05,166.5,159.95,160.5,9038,6.55,1.55
15-07-2019,167.5,167.5,161.25,163.3,5223,6.25,4.2
12-07-2019,165.9,169.15,162,163,4890,7.15,2.9
11-07-2019,165.05,169.5,163.1,167.55,6632,6.4,-2.5
10-07-2019,169.4,170.2,163.15,164.3,2909,7.05,5.1
09-07-2019,164,170.85,159.95,168,16006,10.9,-4
08-07-2019,169.15,169.15,162.05,164,8560,7.1,5.15
05-07-2019,176.15,176.25,167.25,169.95,7898,9,6.2
04-07-2019,176.7,177.55,175.1,175.7,5362,2.45,1
03-07-2019,180.8,180.8,176.1,176.7,6541,4.7,4.1
02-07-2019,179.9,179.9,176,178.35,13335,3.9,1.55
01-07-2019,175.85,179.8,171.55,178.75,23089,8.25,-2.9
28-06-2019,172.5,182.15,171.75,173.4,37843,10.4,-0.9
27-06-2019,164.15,174,164.05,170.5,14487,9.95,-6.35
26-06-2019,161.85,166.3,161.7,164.45,10699,4.6,-2.6
25-06-2019,163.35,165.8,161.1,162.7,9733,4.7,0.65
24-06-2019,159.8,165.9,158.15,163.15,13988,7.75,-3.35
21-06-2019,156,161.75,156,157.75,13467,5.75,-1.75
20-06-2019,157.95,160,151.25,158.8,16900,8.75,-0.85
19-06-2019,162.1,164,157.5,159.2,21012,6.5,2.9
18-06-2019,162.95,165.8,160.1,162.1,14895,5.7,0.85
17-06-2019,168.05,169.5,162,163.75,22062,7.5,4.3
14-06-2019,169.15,172.45,167.05,168.3,18419,5.4,0.85
13-06-2019,170.05,170.7,165.15,169.4,19344,5.55,0.65
12-06-2019,171.05,175,168.1,171.3,22674,6.9,-0.25
11-06-2019,171.75,179,170.3,173.3,14663,8.7,-1.55
10-06-2019,175.1,178.9,168,170.2,21449,10.9,4.9
07-06-2019,175.15,179.65,174.5,175.4,9123,5.15,-0.25
06-06-2019,183,183,175.15,177.35,10312,7.85,5.65
04-06-2019,185,185,180.95,181.2,11284,4.05,3.8
03-06-2019,187.95,188.5,180.5,181.7,23689,8,6.25
31-05-2019,194.3,194.3,183,185.75,19401,11.3,8.55
30-05-2019,182.4,192,182.1,190.65,47816,9.9,-8.25
29-05-2019,189,189,180.45,181.05,28438,8.55,7.95
28-05-2019,196.8,196.8,186.45,189,39051,10.35,7.8
27-05-2019,194,197.9,192.05,195.1,44329,5.85,-1.1
24-05-2019,179,192.5,179,190.55,72618,13.5,-11.55
23-05-2019,179,182.5,174.1,177,36481,8.4,2
22-05-2019,179.9,180.05,172.8,175.6,21659,7.25,4.3
21-05-2019,183.9,189.9,176.5,177.7,29321,13.4,6.2
20-05-2019,185,187,178.1,183,43871,8.9,2
17-05-2019,169.5,182,166.25,176.6,60880,15.75,-7.1
16-05-2019,165.05,167,160.2,166.15,15524,6.8,-1.1
15-05-2019,157,165.7,155.9,164,54479,9.8,-7
14-05-2019,160,163.2,153.6,157.1,25424,9.6,2.9
13-05-2019,167.15,170.2,156.15,158.15,25331,14.05,9
10-05-2019,161.45,170.7,161,168.25,56927,9.7,-6.8
09-05-2019,164.65,164.95,160,161,23184,4.95,3.65
08-05-2019,166.9,170.45,164.2,165.2,25511,6.25,1.7
07-05-2019,172.95,175.95,166.4,167.5,26775,9.55,5.45
06-05-2019,172,175.95,171.1,171.35,28408,4.85,0.65
03-05-2019,175.7,178.7,174,174.85,20976,4.7,0.85
02-05-2019,177,179.15,174.5,175.7,29984,4.65,1.3
30-04-2019,182.05,183.95,175.4,176.3,47826,8.55,5.75
26-04-2019,190.9,197,184,185.15,142292,13,5.75
25-04-2019,178.1,201,177.1,188.6,277418,23.9,-10.5
24-04-2019,180,182.2,178,179.65,28645,4.2,0.35
23-04-2019,183.1,183.1,178,179.2,22525,5.1,3.9
22-04-2019,184.3,187.15,177.05,181.5,36147,10.1,2.8
18-04-2019,187.9,188,183.05,184.8,13634,4.95,3.1
16-04-2019,186.5,190.2,183,186.4,42539,7.2,0.1
15-04-2019,190.8,191.85,182,185.75,42049,9.85,5.05
12-04-2019,187.05,194.45,185.15,189.55,35065,9.3,-2.5
11-04-2019,189.15,191.8,186.75,187.9,23226,5.05,1.25
10-04-2019,192.5,192.5,188,189.15,29790,4.5,3.35
09-04-2019,194,194.55,190.9,191.75,19894,3.65,2.25
08-04-2019,196.3,197.35,192,193.9,20401,5.35,2.4
05-04-2019,193.15,197,193.05,194.6,20034,3.95,-1.45
04-04-2019,196.8,200,193.4,194.6,35173,6.6,2.2
03-04-2019,203.85,205.8,196.05,196.8,29017,9.75,7.05
02-04-2019,200.95,205.9,198.65,202.05,49401,7.25,-1.1
01-04-2019,197.9,205,194.1,199.35,59867,10.9,-1.45
29-03-2019,195.05,199,192.5,194.95,33079,6.5,0.1
28-03-2019,193.55,197.45,192,192.8,23537,5.45,0.75
27-03-2019,195,200,191,192.3,41340,9,2.7
26-03-2019,195.8,199.5,193.1,195.7,22473,6.4,0.1
25-03-2019,195.45,195.45,190.05,194.25,42727,5.4,1.2
22-03-2019,197,202.4,195.75,196.75,30801,6.65,0.25
20-03-2019,201.4,205,195.25,197.2,46624,9.75,4.2
19-03-2019,197.8,202.95,193.4,200.45,65376,9.55,-2.65
18-03-2019,204.5,206.7,195,196.2,49722,11.7,8.3
15-03-2019,207.4,211,201,202.55,58388,10,4.85
14-03-2019,210.6,214.7,204.2,205.65,61375,10.5,4.95
13-03-2019,219.85,225.25,207,210,129555,18.25,9.85
12-03-2019,210.65,222.9,202.35,218.25,354376,20.55,-7.6
11-03-2019,192,219.1,192,210.25,974021,27.1,-18.25
08-03-2019,198,200.25,191.35,192.75,128537,8.9,5.25
07-03-2019,196.9,201.4,188.1,198.3,116211,13.3,-1.4
06-03-2019,194,200,188.25,193.2,148575,11.75,0.8
05-03-2019,183.55,198.45,180,192.45,88071,18.45,-8.9
01-03-2019,177.8,182.9,175.5,180.85,29424,7.4,-3.05
28-02-2019,181.95,187.2,170.6,174.15,64181,16.6,7.8
27-02-2019,188.7,195.45,180,181,71835,15.45,7.7
26-02-2019,190.1,193.7,186.55,187.2,35153,7.15,2.9
25-02-2019,187,205.5,185,197.15,126377,20.5,-10.15
22-02-2019,183.35,193.4,183,186.7,45790,10.4,-3.35
21-02-2019,183.85,190.05,183.1,185.3,13836,6.95,-1.45
20-02-2019,182.5,189.7,178.3,186.75,25159,11.4,-4.25
19-02-2019,191.8,191.8,179,180.9,21082,12.8,10.9
18-02-2019,203,203,186.65,187.2,13524,16.35,15.8
15-02-2019,197.9,206.2,193.2,198.8,15629,13,-0.9
14-02-2019,207,207.9,194.6,195.7,31209,13.3,11.3
13-02-2019,208.3,209.75,203,206.35,29118,6.75,1.95
12-02-2019,207.95,214.45,195.6,210.45,52878,18.85,-2.5
11-02-2019,232.25,232.25,208,216.4,15814,24.25,15.85
08-02-2019,224.05,228.3,224,226.5,5634,4.3,-2.45
07-02-2019,224,232.95,220.9,224.9,14435,12.05,-0.9
06-02-2019,228.2,234.6,224,227.95,10350,10.6,0.25
05-02-2019,235.75,239,226.15,229.5,10507,12.85,6.25
04-02-2019,235.65,239.8,224.1,229.75,22723,15.7,5.9
01-02-2019,235.75,243.75,231.25,236.35,17741,12.5,-0.6
31-01-2019,236.75,240,229.3,233.85,12569,10.7,2.9
30-01-2019,234.2,251.75,234.15,236.45,5149,17.6,-2.25
29-01-2019,235.85,242.7,233.5,237.55,8570,9.2,-1.7
28-01-2019,243,244.45,230.15,240.7,20827,14.3,2.3
25-01-2019,246.75,251,234.75,240.25,12782,16.25,6.5
24-01-2019,258,258.55,245.1,246.3,21842,13.45,11.7
23-01-2019,232,256.75,232,256.4,85516,24.75,-24.4
22-01-2019,234.05,237.05,230.1,233.45,15806,6.95,0.6
21-01-2019,248.3,248.3,238,238.95,10745,10.3,9.35
18-01-2019,255,257.95,242.65,245.8,11841,15.3,9.2
17-01-2019,255.2,259.45,252.05,252.35,12712,7.4,2.85
16-01-2019,262,263.8,253,255.1,11906,10.8,6.9
15-01-2019,262,265.85,257.05,260.5,8287,8.8,1.5
14-01-2019,260.15,261,255.1,258.05,11504,5.9,2.1
11-01-2019,265,269.8,258,261.15,25348,11.8,3.85
10-01-2019,272.1,272.1,260.2,262.4,27663,11.9,9.7
09-01-2019,252.9,276.35,250.05,272.55,149166,26.3,-19.65
08-01-2019,260,263.45,249.45,251.25,25320,14,8.75
07-01-2019,265,269.8,259.9,261.1,34649,9.9,3.9
04-01-2019,259,271.95,255,262.85,103743,16.95,-3.85
03-01-2019,270.35,277,255.6,257.1,222026,21.4,13.25
02-01-2019,307,309.9,283.95,283.95,144528,25.95,23.05
01-01-2019,311,327,305,315.45,490771,22,-4.45
31-12-2018,257,299.8,255.6,299.8,244273,44.2,-42.8
28-12-2018,243.75,257.25,233.7,249.85,14044,23.55,-6.1
27-12-2018,231.95,243.7,228.4,238,18428,15.3,-6.05
26-12-2018,220,232.8,217.25,228.2,9500,15.55,-8.2
24-12-2018,226.85,230.05,221.35,223.4,3900,8.7,3.45
21-12-2018,237.7,242,225.5,230.35,7898,16.5,7.35
20-12-2018,233.45,241,231.95,235.05,12732,9.05,-1.6
19-12-2018,233.4,233.4,225,228.55,7354,8.4,4.85
18-12-2018,229.9,229.9,220.1,226.25,9237,9.8,3.65
17-12-2018,227.65,233.95,223,225.15,7674,10.95,2.5
14-12-2018,230.65,231,225.55,227.45,3417,5.45,3.2
13-12-2018,234.95,235,230,230.65,7559,5,4.3
12-12-2018,229.4,242,219.35,234.2,20430,22.65,-4.8
11-12-2018,220.05,229.45,216.5,224.85,3987,12.95,-4.8
10-12-2018,219,225.2,215,218.7,4112,10.2,0.3
07-12-2018,228.7,230,220.7,225.8,3255,9.3,2.9
06-12-2018,222.05,228.5,220,220.7,2155,8.5,1.35
05-12-2018,221.2,230.95,221.2,221.85,1686,9.75,-0.65
04-12-2018,231.95,232,225.15,227.25,2400,6.85,4.7
03-12-2018,225.95,236.95,222.05,227.95,6265,14.9,-2
30-11-2018,220.1,228.85,220.1,222.8,6011,8.75,-2.7
29-11-2018,222.5,229.9,222.5,223.6,4237,7.4,-1.1
28-11-2018,237.85,240,221,223.85,7690,19,14
27-11-2018,243,243.2,225.65,235.15,6073,17.55,7.85
26-11-2018,249,252,236.65,238.8,5265,15.35,10.2
22-11-2018,254,254,236.2,241.05,13131,17.8,12.95
21-11-2018,230,244.3,222.15,242.6,16545,22.15,-12.6
20-11-2018,243.45,245.95,215.6,222.1,23314,30.35,21.35
19-11-2018,242.5,257.7,238,239.55,6851,19.7,2.95
16-11-2018,253.75,255.05,245,248.4,2507,10.05,5.35
15-11-2018,259,259,248.5,251.85,3566,10.5,7.15
14-11-2018,264.85,267.55,251,252.3,5467,16.55,12.55
13-11-2018,271.9,271.9,256.05,261.1,2642,15.85,10.8
12-11-2018,271.7,272.65,262,267.45,6722,10.65,4.25
09-11-2018,275,275,257.6,262.2,5945,17.4,12.8
07-11-2018,260,277,253,270.55,11564,24,-10.55
06-11-2018,268.8,268.8,251,258.7,5425,17.8,10.1
05-11-2018,260,274,251,255.4,5221,23,4.6
02-11-2018,276.4,276.4,261.75,262.65,6521,14.65,13.75
01-11-2018,277.75,279.9,265.1,269.8,7538,14.8,7.95
31-10-2018,279.9,282.8,253.1,273.4,14278,29.7,6.5
30-10-2018,243,266.85,243,266.85,23553,23.85,-23.85
29-10-2018,241.65,242.6,241.65,242.6,793,0.95,-0.95
26-10-2018,230,239.9,229,231.05,4216,10.9,-1.05
25-10-2018,234.15,243,227,234.5,14426,16,-0.35
24-10-2018,239,242.95,227.9,237.15,5190,15.05,1.85
23-10-2018,246,251.3,234.7,234.7,13970,16.6,11.3
22-10-2018,271,271.65,246.4,247.05,14386,25.25,23.95
19-10-2018,278.95,278.95,254,259.35,28753,24.95,19.6
17-10-2018,267,267.15,265,267.15,15261,2.15,-0.15
16-10-2018,252.95,254.45,247,254.45,5766,7.45,-1.5
15-10-2018,241.9,242.35,238,242.35,3977,4.35,-0.45
12-10-2018,228,230.85,218,230.85,7302,12.85,-2.85
11-10-2018,204.5,219.95,199.05,219.9,13152,20.9,-15.4
10-10-2018,201,209.5,201,209.5,6554,8.5,-8.5
09-10-2018,217,217,199.45,199.55,7322,17.55,17.45
08-10-2018,212,222,207.25,209.9,13507,14.75,2.1
05-10-2018,204.1,222.95,204.1,218.15,13082,18.85,-14.05
04-10-2018,217.35,224,213,213,15435,11,4.35
03-10-2018,234,234,224.2,224.2,18818,9.8,9.8
01-10-2018,249,249,235.95,235.95,17026,13.05,13.05
28-09-2018,261.5,261.5,248,248.35,5082,13.5,13.15
27-09-2018,266.9,267,260.25,261.05,3589,6.75,5.85
26-09-2018,268.95,268.95,251.1,264.6,9636,17.85,4.35
25-09-2018,263,272.45,261.9,261.9,8247,10.55,1.1
24-09-2018,293,293,275.6,275.65,5155,17.4,17.35
21-09-2018,283.2,295,269.8,290.1,19530,25.2,-6.9
19-09-2018,294.8,294.8,283.05,283.95,2740,11.75,10.85
18-09-2018,288,295.9,284,288.35,7475,11.9,-0.35
17-09-2018,297.5,297.8,278.15,291.4,15795,19.65,6.1
14-09-2018,303,303,288,289.25,4461,15,13.75
12-09-2018,284,299.9,284,292.25,7713,15.9,-8.25
11-09-2018,302,302,281.25,286.05,11864,20.75,15.95
10-09-2018,293.25,299,291.95,294.65,7044,7.05,-1.4
07-09-2018,292,299,290.2,296.7,5514,8.8,-4.7
06-09-2018,304.9,305,291,291.95,10148,14,12.95
05-09-2018,300,304,284.75,299.8,12302,19.25,0.2
04-09-2018,306.95,307,296,299.3,5555,11,7.65
03-09-2018,296.8,307.95,295.1,297.5,8701,12.85,-0.7
31-08-2018,309.7,309.7,295.25,301.45,5143,14.45,8.25
30-08-2018,300.15,307.45,293.65,297.25,7804,13.8,2.9
29-08-2018,305,310,295.8,301.4,8172,14.2,3.6
28-08-2018,312,312,302.45,308.6,6278,9.55,3.4
27-08-2018,311,317.9,306.5,309.95,5835,11.4,1.05
24-08-2018,300,314.5,291,311.7,28394,23.5,-11.7
23-08-2018,308,310,301.1,303.5,11287,8.9,4.5
21-08-2018,321,321.65,307.65,308.35,6721,14,12.65
20-08-2018,315,319.7,305,315.25,21230,14.7,-0.25
17-08-2018,298,304.5,290.55,304.5,10766,13.95,-6.5
16-08-2018,290.25,297.9,282.9,290,43145,15,0.25
14-08-2018,306,317.95,297.45,297.75,37166,20.5,8.25
13-08-2018,325.55,325.55,312.5,313.1,12354,13.05,12.45
10-08-2018,308,334.25,308,328.9,17032,26.25,-20.9
09-08-2018,318.3,330.1,318.3,318.35,23908,11.8,-0.05
08-08-2018,364,364,335.05,335.05,8830,28.95,28.95
07-08-2018,374.5,374.5,351.7,352.65,4693,22.8,21.85
06-08-2018,385,394.4,358.1,370.2,9898,36.3,14.8
03-08-2018,370,376.45,359,376.45,6512,17.45,-6.45
02-08-2018,361.4,361.4,350,358.55,8892,11.4,2.85
01-08-2018,330,344.3,325,344.3,3405,19.3,-14.3
31-07-2018,309,330,309,327.95,4046,21,-18.95
30-07-2018,305,323.85,301,322.45,2849,22.85,-17.45
27-07-2018,300.5,315.2,300.5,312.05,6737,14.7,-11.55
26-07-2018,313.15,313.15,300,304,53036,13.15,9.15
25-07-2018,311,315,300,304.7,2693,15,6.3
24-07-2018,316.9,323,308,313.65,8672,15,3.25
23-07-2018,319,319,304.25,311.35,6782,14.75,7.65
20-07-2018,308,308,296.95,304.25,15304,11.05,3.75
19-07-2018,294,311.8,290.5,308.95,10008,21.3,-14.95
18-07-2018,308,308,305,305,822,3,3
17-07-2018,313,313,305,305.1,303,8,7.9
16-07-2018,310,330,304,305.3,814,26,4.7
13-07-2018,321.5,329.9,316,320,1689,13.9,1.5
12-07-2018,305.5,320.25,305.5,320.25,1974,14.75,-14.75
11-07-2018,303,308,298,305,8035,10,-2
10-07-2018,300,312.9,290.1,302.95,5311,22.8,-2.95
09-07-2018,298,323.95,297.1,298.05,3621,26.85,-0.05
06-07-2018,300,316.5,295.15,312.7,2749,21.35,-12.7
05-07-2018,319.5,325,295.6,310.55,4018,29.4,8.95
04-07-2018,315.05,320,307.8,311.15,1814,12.2,3.9
03-07-2018,330.1,330.1,317.7,324,869,12.4,6.1
02-07-2018,335,338,322,331,591,16,4
29-06-2018,335,341,331.65,337.9,2808,9.35,-2.9
28-06-2018,328,335,315,326.05,1369,20,1.95
27-06-2018,350,350.1,330.5,331.25,5361,19.6,18.75
26-06-2018,357.15,358.85,345,347.85,6035,13.85,9.3
25-06-2018,363.75,363.75,347.15,359.4,2110,16.6,4.35
22-06-2018,351,367.4,335.6,360,2467,31.8,-9
21-06-2018,367.55,370.9,351,352,4838,19.9,15.55
20-06-2018,377.3,383.5,364.45,369.05,7017,19.05,8.25
19-06-2018,380.85,386.15,363.6,365.25,2756,22.55,15.6
18-06-2018,389.1,392,380.25,382.7,1921,11.75,6.4
15-06-2018,400.35,413.8,377.25,400.25,2406,36.55,0.1
14-06-2018,400.05,425,393.45,394.1,5601,31.55,5.95
13-06-2018,410,414.5,402,414.15,7795,12.5,-4.15
12-06-2018,383.4,394.8,381.05,394.8,821,13.75,-11.4
11-06-2018,374.3,384.7,372.8,376,1723,11.9,-1.7
08-06-2018,382.6,382.6,355.2,371.85,1755,27.4,10.75
07-06-2018,360.85,368,335.1,365.6,8755,32.9,-4.75
06-06-2018,342,359.95,340.2,352.65,5472,19.75,-10.65
05-06-2018,358.1,370,358.1,358.1,7714,11.9,0
04-06-2018,399.45,399.45,376.9,376.9,827,22.55,22.55
01-06-2018,411.5,436,396.7,396.7,14757,39.3,14.8
31-05-2018,464,464,404,417.55,5466,60,46.45
30-05-2018,419,459.9,419,443.8,6226,40.9,-24.8
29-05-2018,445.35,453,406.5,419.4,6956,46.5,25.95
28-05-2018,460,470,438.85,444.85,1425,31.15,15.15
25-05-2018,462,470,450,458.15,1094,20,3.85
24-05-2018,480,480,456.4,461.85,253,23.6,18.15
23-05-2018,465,466.95,450.05,456.4,672,16.9,8.6
22-05-2018,437.95,478.7,437.15,463.95,17702,41.55,-26
21-05-2018,450.05,466.15,428,435.2,5699,38.15,14.85
18-05-2018,477.05,483.35,447.6,457.3,6066,35.75,19.75
17-05-2018,499,499,474,484.6,4199,25,14.4
16-05-2018,489,489,458.2,486.35,2924,30.8,2.65
15-05-2018,499.9,499.9,465.55,469,6630,34.35,30.9
14-05-2018,517.9,517.9,490,493.35,2872,27.9,24.55
11-05-2018,508,514.15,502.6,504.15,776,11.55,3.85
10-05-2018,517.9,518,498.7,502.55,2978,19.3,15.35
09-05-2018,518,518,512.45,517.65,2397,5.55,0.35
08-05-2018,516,519.2,491,514.55,1240,28.2,1.45
07-05-2018,545,545,512,516,2555,33,29
04-05-2018,510.1,526,506,518.1,2322,20,-8
03-05-2018,539,539,506,508.9,3520,33,30.1
02-05-2018,554,554,522,524.45,4285,32,29.55
30-04-2018,566,566,541.35,547.1,4177,24.65,18.9
27-04-2018,584.6,594,537.1,545.35,22809,56.9,39.25
26-04-2018,525,545.95,503,545.95,9481,42.95,-20.95
25-04-2018,505.9,520,492.05,496.35,1118,27.95,9.55
24-04-2018,512,512,500,510.7,2651,12,1.3
23-04-2018,510.9,518.05,508,511.65,5015,10.05,-0.75
20-04-2018,530,530,507,509.35,2408,23,20.65
19-04-2018,508,513.5,507,509.25,964,6.5,-1.25
18-04-2018,513.45,520.2,490.1,506.05,1537,30.1,7.4
17-04-2018,511,527.85,500.05,508.8,1621,27.8,2.2
16-04-2018,516.9,520.8,510.05,515.4,1272,10.75,1.5
13-04-2018,512.95,526.1,512.95,516.85,1046,13.15,-3.9
12-04-2018,512.7,515.5,512,512.1,646,3.5,0.6
11-04-2018,510.05,523.65,508,519.85,2496,15.65,-9.8
10-04-2018,523.4,530,508.1,510.75,1789,21.9,12.65
09-04-2018,531.25,531.8,515,520.9,1088,16.8,10.35
06-04-2018,536.7,536.7,519.7,525.85,1992,17,10.85
05-04-2018,520,544.3,520,536.7,6010,24.3,-16.7
04-04-2018,535,556,506,518.4,23753,50,16.6
03-04-2018,511.75,529.55,511.75,529.55,7027,17.8,-17.8
02-04-2018,520,520,498.1,504.35,1691,21.9,15.65
28-03-2018,510,525,501.9,520.85,1626,23.1,-10.85
27-03-2018,515.55,521.7,475,514.4,36052,46.7,1.15
26-03-2018,480,496.9,476.25,496.9,7989,20.65,-16.9
23-03-2018,475,480.7,468,473.25,461623,12.7,1.75
22-03-2018,511.85,511.85,482.5,483.8,3721,29.35,28.05
21-03-2018,491.9,506.9,480,490.05,10434,26.9,1.85
20-03-2018,482,500.2,481.55,482.8,3966,18.65,-0.8
19-03-2018,506,506.2,480.1,491.75,5805,26.1,14.25
16-03-2018,509.6,519.2,498.55,505.35,1077,20.65,4.25
15-03-2018,515,529,505,513.45,1528,24,1.55
14-03-2018,510.55,524,498.05,520.55,5307,25.95,-10
13-03-2018,481,510.65,480.05,510.55,8168,30.6,-29.55
12-03-2018,482,490.45,482,486.35,5954,8.45,-4.35
09-03-2018,482,488.4,478.5,482.95,3203,9.9,-0.95
08-03-2018,461,501.25,461,480.85,17515,40.25,-19.85
07-03-2018,486.1,488,472.1,477.4,10035,15.9,8.7
06-03-2018,500,500,482.15,486.1,4856,17.85,13.9
05-03-2018,515,515,492.5,495.05,6101,22.5,19.95
01-03-2018,503.45,525,503.45,514.15,2071,21.55,-10.7
28-02-2018,505.5,517,500,515.7,2424,17,-10.2
27-02-2018,517,529.9,515.05,517.85,3409,14.85,-0.85
26-02-2018,519,527.5,508,516.15,4588,19.5,2.85
23-02-2018,481.4,504.35,472,504.35,3059,32.35,-22.95
22-02-2018,485,488.55,475,480.35,4510,13.55,4.65
21-02-2018,510,510,470,487.55,6131,40,22.45
20-02-2018,500,500,476.55,494.5,3431,23.45,5.5
19-02-2018,525.15,525.15,493.05,494.75,6853,32.1,30.4
16-02-2018,530.05,542,510.3,518.95,3778,31.7,11.1
15-02-2018,569,569,525.5,537,8006,43.5,32
14-02-2018,575,576,550,552.95,18217,26,22.05
12-02-2018,580,580,549.1,554.85,9274,30.9,25.15
09-02-2018,580.25,599.65,578,578,47891,21.65,2.25
08-02-2018,600,608.4,592.8,608.4,5832,15.6,-8.4
07-02-2018,555,579.45,555,579.45,10731,24.45,-24.45
06-02-2018,555,567.75,541.55,551.9,10887,26.2,3.1
05-02-2018,550,584,542.6,570.05,8432,41.4,-20.05
02-02-2018,575,596.7,558,571.15,30412,38.7,3.85
01-02-2018,583,600,552,587.2,5197,48,-4.2
31-01-2018,586,595,575,579.7,3967,20,6.3
30-01-2018,596,605,584,592.4,7600,21,3.6
29-01-2018,597,630,597,600.1,5066,33,-3.1
25-01-2018,608,622,590,602.8,3559,32,5.2
24-01-2018,615,633.95,607,613,10751,26.95,2
23-01-2018,630,634.05,620.25,634.05,16246,13.8,-4.05
22-01-2018,578,603.9,560.9,603.9,7921,43,-25.9
19-01-2018,620,620,568.2,575.15,47402,51.8,44.85
18-01-2018,661,661,598.1,598.1,17163,62.9,62.9
17-01-2018,645,645,599.9,629.55,28711,45.1,15.45
16-01-2018,643,650,615.5,631.45,62437,34.5,11.55
15-01-2018,629.4,634.65,625,634.65,74224,9.65,-5.25
12-01-2018,578,605.25,565,604.45,91425,40.25,-26.45
11-01-2018,581,582.4,564,576.45,3068,18.4,4.55
10-01-2018,559,580,557,569.7,3562,23,-10.7
09-01-2018,569,575.5,557.65,564.45,4600,17.85,4.55
08-01-2018,580,580,550,557.65,3450,30,22.35
05-01-2018,552,583.1,551,564.8,18509,32.1,-12.8
04-01-2018,569.3,574.95,551,555.35,5200,23.95,13.95
03-01-2018,580,580,550.05,569.3,3174,29.95,10.7
02-01-2018,585,594.4,555,565.65,9911,39.4,19.35
01-01-2018,541.6,568.65,535.1,568.65,13253,33.55,-27.05
29-12-2017,540,549,535.5,541.6,4814,13.5,-1.6
28-12-2017,551.15,551.15,525,531.5,4474,26.15,19.65
27-12-2017,560,569.95,542.3,551.15,10538,27.65,8.85
26-12-2017,598,598,560,570.8,3872,38,27.2
22-12-2017,611.9,611.9,572,579.15,9276,39.9,32.75
21-12-2017,585.5,585.5,562.25,585.5,40043,23.25,0
20-12-2017,557.65,557.65,557.65,557.65,1296,0,0
19-12-2017,529.9,531.1,518.05,531.1,7619,13.05,-1.2
18-12-2017,505,505.85,457.75,505.85,11061,48.1,-0.85
15-12-2017,479,481.8,468.2,481.8,3353,13.6,-2.8
14-12-2017,466.1,471,457.9,458.9,10671,13.1,7.2
13-12-2017,465.9,490,462.25,481.95,3743,27.75,-16.05
12-12-2017,509.5,509.5,484.05,484.25,8173,25.45,25.25
11-12-2017,516,540,496,509.5,6067,44,6.5
08-12-2017,502.85,544,502.85,516.35,11758,41.15,-13.5
07-12-2017,560,572,529.3,529.3,26170,42.7,30.7
06-12-2017,545,565,539,557.15,23175,26,-12.15
05-12-2017,532,538.7,520,538.7,139287,18.7,-6.7
04-12-2017,475,513.1,475,513.05,105950,38.1,-38.05
01-12-2017,455,500.5,455,488.7,16638,45.5,-33.7
30-11-2017,518,518,473.45,476.7,43848,44.55,41.3
29-11-2017,498.35,498.35,495,498.35,33179,3.35,0
28-11-2017,453.1,474.65,453.1,474.65,6615,21.55,-21.55
27-11-2017,440,452.05,440,452.05,40950,12.05,-12.05
24-11-2017,424.9,430.65,422,430.55,42866,8.65,-5.65
23-11-2017,390.65,410.15,385.1,410.15,85893,25.05,-19.5
22-11-2017,383,397,375,390.65,8754,22,-7.65
21-11-2017,371.9,383.7,365,380.05,9029,18.7,-8.15
20-11-2017,359.95,369.7,352.2,366.3,6396,17.5,-6.35
17-11-2017,365,372,351,359.95,5444,21,5.05
16-11-2017,364.45,374,355,364.2,3894,19,0.25
15-11-2017,361,369.15,340,364.45,24620,29.15,-3.45
14-11-2017,332,351.6,326.15,351.6,16205,25.45,-19.6
13-11-2017,347.5,353.65,332.5,334.9,26667,21.15,12.6
10-11-2017,358.05,361.25,343.05,345.55,20191,18.2,12.5
09-11-2017,359.7,369.25,353.15,363.1,43626,16.1,-3.4
08-11-2017,358,371.7,346.2,352,138159,25.5,6
07-11-2017,343.45,346.45,328,337.95,38639,18.45,5.5
06-11-2017,338.35,362,338.35,343.45,33394,23.65,-5.1
03-11-2017,346.15,366,343.1,345.55,78890,22.9,0.6
02-11-2017,362,362,330.9,337.4,50042,31.1,24.6
01-11-2017,318.65,371.95,317.65,362.8,269728,54.3,-44.15
31-10-2017,305,319.85,298.45,315.3,52018,21.4,-10.3
30-10-2017,309.95,315.9,294.95,298.45,32309,20.95,11.5
27-10-2017,274.6,324.3,273,308.1,163333,51.3,-33.5
26-10-2017,281.05,284.6,267.35,272.95,17947,17.25,8.1
25-10-2017,264.8,288,258,281.05,71670,30,-16.25
24-10-2017,247.65,269,247.65,259.6,24738,21.35,-11.95
23-10-2017,246,256.7,240,248.15,36455,16.7,-2.15
19-10-2017,243,249,240.2,244.75,13943,8.8,-1.75
18-10-2017,218.5,250,215,239.6,56210,35,-21.1
17-10-2017,205.5,220,201.95,216.8,8337,18.05,-11.3
16-10-2017,213.85,214,203.55,205.45,11699,10.45,8.4
13-10-2017,209.75,217.9,206,209.75,9433,11.9,0
12-10-2017,210.05,212.4,208,208.95,5370,4.4,1.1
11-10-2017,218.85,219.9,207.8,208.65,9377,12.1,10.2
10-10-2017,210,216.5,208.65,215.8,9023,7.85,-5.8
09-10-2017,200,209.15,199.7,206.15,6765,9.45,-6.15
06-10-2017,200,203.2,195.8,197.75,3237,7.4,2.25
05-10-2017,188.9,197.5,188,195.6,6284,9.5,-6.7
04-10-2017,185,189.05,181.95,185.35,4956,7.1,-0.35
03-10-2017,189.5,189.5,182.15,182.5,2520,7.35,7
29-09-2017,181.85,188.8,181.85,184.5,2992,6.95,-2.65
28-09-2017,182.5,184.8,179.85,182.65,7444,4.95,-0.15
27-09-2017,184.65,194.6,180.55,181,8774,14.05,3.65
26-09-2017,189.5,189.5,180.1,183.7,5175,9.4,5.8
25-09-2017,193.15,193.15,180,186.6,8610,13.15,6.55
22-09-2017,204.5,204.5,189,191.65,18865,15.5,12.85
21-09-2017,193.65,221,193.65,205.3,73589,27.35,-11.65
20-09-2017,184.4,196,180,191.75,8317,16,-7.35
19-09-2017,189,189,179.75,180.7,6164,9.25,8.3
18-09-2017,177.25,191,174.5,186.85,9696,16.5,-9.6
15-09-2017,182.5,182.5,172.65,174.7,3674,9.85,7.8
14-09-2017,180,183,177,179,4197,6,1
13-09-2017,182.5,184.5,177.85,178.2,6014,6.65,4.3
12-09-2017,176.55,183.7,174.5,179.25,2015,9.2,-2.7
11-09-2017,184.75,184.8,176.5,176.85,8445,8.3,7.9
08-09-2017,190.85,190.85,178.85,179.5,7511,12,11.35
07-09-2017,171,193.4,168.85,186.5,30606,24.55,-15.5
06-09-2017,168,175,166.85,170.85,10179,8.15,-2.85
05-09-2017,165.3,174.6,165.25,172.65,7563,9.35,-7.35
04-09-2017,174.5,174.5,165,169.7,5200,9.5,4.8
01-09-2017,167.9,174.5,164.5,172.25,3227,10,-4.35
31-08-2017,169,169,160.2,163.45,1637,8.8,5.55
30-08-2017,163,169,163,167,1433,6,-4
29-08-2017,169.2,169.5,163,164.2,8995,6.5,5
28-08-2017,167,168,159,167.1,888,9,-0.1
24-08-2017,166.25,166.25,162,163,1981,4.25,3.25
23-08-2017,166.7,166.7,161,162.3,1494,5.7,4.4
22-08-2017,163,167,158,161.7,3058,9,1.3
21-08-2017,170.45,170.45,163,166,441,7.45,4.45
18-08-2017,169,170.5,164,165.6,13654,6.5,3.4
17-08-2017,170.65,174.45,170.65,171.25,1774,3.8,-0.6
16-08-2017,167,174,163,173.2,5080,11,-6.2
14-08-2017,162,169.2,162,164.05,1650,7.2,-2.05
11-08-2017,167,167,157.1,158.85,2134,9.9,8.15
10-08-2017,172,172,164,164.25,2127,8,7.75
09-08-2017,168.8,172.5,157,169.3,8276,15.5,-0.5
08-08-2017,178.85,180.45,172,172.75,5829,8.45,6.1
07-08-2017,179.9,181,177,180,2171,4,-0.1
04-08-2017,181,182.5,178.25,178.4,3670,4.25,2.6
03-08-2017,186.95,186.95,179.45,179.75,5073,7.5,7.2
02-08-2017,183,185.6,182,182.75,3520,3.6,0.25
01-08-2017,184.05,185.95,184,184.1,136,1.95,-0.05
31-07-2017,186.25,186.25,184,185.95,237,2.25,0.3
28-07-2017,181,188,181,184.1,2399,7,-3.1
27-07-2017,188,188.2,180,180.9,5210,8.2,7.1
26-07-2017,191,191.2,186.05,186.05,3609,5.15,4.95
25-07-2017,186.15,191.7,185.4,187.5,4427,6.3,-1.35
24-07-2017,191,191,185,185.6,3034,6,5.4
21-07-2017,187.4,191,185.65,188.75,3711,5.35,-1.35
20-07-2017,192.4,192.4,186,186.85,2705,6.4,5.55
19-07-2017,190,190.45,186,188.05,4573,4.45,1.95
18-07-2017,195,195,186,187.05,3542,9,7.95
17-07-2017,200,200,189.45,190.85,7184,10.55,9.15
14-07-2017,198,198,191,196.85,9005,7,1.15
13-07-2017,191.95,200,188.95,196.35,16767,11.05,-4.4
12-07-2017,192.4,194.3,182.6,191,5309,11.7,1.4
11-07-2017,192.95,194.95,185,185.7,4347,9.95,7.25
10-07-2017,184.2,188.5,184.2,188.45,462,4.3,-4.25
07-07-2017,190,190,184.2,184.65,2720,5.8,5.35
06-07-2017,187.95,192.4,187.5,188.05,3717,4.9,-0.1
05-07-2017,190.4,192.2,185.75,189.65,3791,6.45,0.75
04-07-2017,187,189,184.6,188.5,2265,4.4,-1.5
03-07-2017,184,189,182.6,185.95,5421,6.4,-1.95
30-06-2017,185.1,193.5,183.5,184,1360,10,1.1
29-06-2017,183,193.4,183,185.25,7054,10.4,-2.25
28-06-2017,188,188,181.5,183.05,2493,6.5,4.95
27-06-2017,186.3,188,181.05,185.95,3419,6.95,0.35
23-06-2017,192,192,182.65,185.2,9592,9.35,6.8
22-06-2017,186,203,182.6,191.35,23906,20.4,-5.35
21-06-2017,184,184,180,182.25,6782,4,1.75
20-06-2017,187,190,182.5,184,6344,7.5,3
19-06-2017,192,196,184.95,185.9,9067,11.05,6.1
16-06-2017,191.2,195,188,193.4,9255,7,-2.2
15-06-2017,185,194.9,182.5,188.4,5564,12.4,-3.4
14-06-2017,189,190.15,183.15,185,186,7,4
13-06-2017,180.1,194.9,180,189.15,190,14.9,-9.05
12-06-2017,162.5,187.1,162.5,180.35,14973,24.6,-17.85
09-06-2017,166,166,162.2,162.55,6872,3.8,3.45
08-06-2017,166.2,167.45,161.8,162.8,2561,5.65,3.4
07-06-2017,160.7,165.25,160.7,164.2,3152,4.55,-3.5
06-06-2017,162.6,166.7,161,162,2056,5.7,0.6
05-06-2017,164,165.75,161.7,162.4,9528,4.05,1.6
02-06-2017,172,172,162.25,163.45,9422,9.75,8.55
01-06-2017,171.1,171.2,165.8,167.35,2199,5.4,3.75
31-05-2017,169,169.95,163.7,168.6,4931,6.25,0.4
30-05-2017,171,171,162,164.55,2330,9,6.45
29-05-2017,169.2,173,163,167,1570,10,2.2
26-05-2017,163.7,174.75,161.7,167.15,10108,13.05,-3.45
25-05-2017,171,171,165.7,168.65,3525,5.3,2.35
24-05-2017,176.1,176.65,163.9,165,11215,12.75,11.1
23-05-2017,172,178,172,175.6,1873,6,-3.6
22-05-2017,182,182,172.1,173,3853,9.9,9
19-05-2017,181,182.25,176,176.35,5800,6.25,4.65
18-05-2017,181.2,182.6,177.4,179.2,3365,5.2,2
17-05-2017,183.3,183.3,179.2,180.25,1326,4.1,3.05
16-05-2017,182.95,186.75,178.55,181.2,2601,8.2,1.75
15-05-2017,183.25,186.8,180,182.85,5281,6.8,0.4
12-05-2017,184.7,190,179,181.65,7481,11,3.05
11-05-2017,189.2,190,183.5,184.25,8004,6.5,4.95
10-05-2017,194,194,186.1,187.95,4614,7.9,6.05
09-05-2017,190,191.3,187,189.65,4126,4.3,0.35
08-05-2017,184.2,194,184,187.55,4482,10,-3.35
05-05-2017,194.9,194.9,184.25,187.35,11328,10.65,7.55
04-05-2017,197.7,198,191.1,192.7,6541,6.9,5
03-05-2017,197,205.3,195,196.3,44145,10.3,0.7
02-05-2017,191,193.65,186.5,191.35,7243,7.15,-0.35
28-04-2017,188.2,193,183.05,183.4,5721,9.95,4.8
27-04-2017,187,188.75,183,184.5,11687,5.75,2.5
26-04-2017,192.4,192.4,185,186.3,6871,7.4,6.1
25-04-2017,189,199.85,189,191.05,2438,10.85,-2.05
24-04-2017,197.2,198,189,191.5,8278,9,5.7
21-04-2017,192.8,197.3,191.5,193.6,4937,5.8,-0.8
20-04-2017,198.1,199,193.9,194.95,4727,5.1,3.15
19-04-2017,194.3,195,186,190.6,9935,9,3.7
18-04-2017,200.5,204.4,192,193,6042,12.4,7.5
17-04-2017,198.8,203.1,198.8,200.65,3737,4.3,-1.85
13-04-2017,203,203,198.6,201.5,4234,4.4,1.5
12-04-2017,205,205,197,198.9,3769,8,6.1
11-04-2017,202,206.8,200.6,203.7,13071,6.2,-1.7
10-04-2017,202,207,196.65,200.5,12506,10.35,1.5
07-04-2017,207,209.5,199.5,200.75,206,10,6.25
06-04-2017,200,209,197.65,204.8,204,11.35,-4.8
05-04-2017,184.2,208,182.3,197.55,197,25.7,-13.35
03-04-2017,179.5,186.9,177.7,183.35,6076,9.2,-3.85
31-03-2017,178.5,181.3,177.75,178.2,5824,3.55,0.3
30-03-2017,172.35,182,172.35,179.5,8707,9.65,-7.15
29-03-2017,176,176.95,172.4,173.05,6373,4.55,2.95
28-03-2017,177.95,178,174,174.5,4582,4,3.45
27-03-2017,178.7,178.7,173.2,174.25,4262,5.5,4.45
24-03-2017,176.9,180,173.75,175.8,8323,6.25,1.1
23-03-2017,175,178.5,172.6,176.7,8110,5.9,-1.7
22-03-2017,172.75,174.4,170.3,172.5,9738,4.1,0.25
21-03-2017,177.4,178.75,172.1,173.6,7574,6.65,3.8
20-03-2017,173.5,178.9,173.5,176.65,12853,5.4,-3.15
17-03-2017,180,180,173.2,173.95,12004,6.8,6.05
16-03-2017,176.35,184,173.5,179.55,13816,10.5,-3.2
15-03-2017,174.2,179.9,172.65,174.3,8043,7.25,-0.1
14-03-2017,173.4,183,172,174.8,11006,11,-1.4
10-03-2017,174.6,174.8,170.4,171.2,12438,4.4,3.4
09-03-2017,174,176.75,172.4,174.4,13653,4.35,-0.4
08-03-2017,180,181.95,174.8,176.55,23281,7.15,3.45
07-03-2017,172.25,184,170.1,178.4,31645,13.9,-6.15
06-03-2017,171,173.5,167,172.35,16470,6.5,-1.35
03-03-2017,173,173,168.05,169,8076,4.95,4
02-03-2017,175.85,179.5,170.7,171.75,26502,8.8,4.1
01-03-2017,166.25,182.95,166.25,174.65,42073,16.7,-8.4
28-02-2017,168,170.35,166.15,166.55,6920,4.2,1.45
27-02-2017,169.5,172,166,167.8,18409,6,1.7
23-02-2017,168.55,170,167.75,169.3,2994,2.25,-0.75
22-02-2017,169.2,171.9,168,168.55,14996,3.9,0.65
21-02-2017,171.65,173,168.8,169.75,16711,4.2,1.9
20-02-2017,170.75,173.05,168,168.5,1962,5.05,2.25
17-02-2017,175,175.75,170,170.7,14017,5.75,4.3
16-02-2017,165.15,172.95,165.1,170.1,33102,7.85,-4.95
15-02-2017,172.75,174.15,165,167.9,27646,9.15,4.85
14-02-2017,172.4,176.95,171,171.65,12042,5.95,0.75
13-02-2017,180,180,171.1,172.3,175,8.9,7.7
10-02-2017,190.9,190.9,181,181.9,20029,9.9,9
09-02-2017,197.8,198,193.05,195.5,10167,4.95,2.3
08-02-2017,197.1,198,190.7,195.5,4383,7.3,1.6
07-02-2017,197,200.35,194.45,195.25,6806,5.9,1.75
06-02-2017,198.95,206.9,193.3,196.15,11438,13.6,2.8
03-02-2017,196,200,193,193.5,10969,7,2.5
02-02-2017,198,198,185.3,193.9,7385,12.7,4.1
01-02-2017,189.9,195,184.5,189.95,6757,10.5,-0.05
31-01-2017,189,191.35,185.1,186.65,15286,6.25,2.35
30-01-2017,192.75,196,189,189.4,3657,7,3.35
27-01-2017,193.55,196.25,190.2,190.85,3568,6.05,2.7
25-01-2017,191,199,190.6,194.3,14809,8.4,-3.3
24-01-2017,191.45,193.85,189,190,4462,4.85,1.45
23-01-2017,195.5,196.35,191,191.15,5355,5.35,4.35
20-01-2017,198,198.2,192,194.3,9793,6.2,3.7
19-01-2017,192.1,202,192.1,198.55,10297,9.9,-6.45
18-01-2017,196,196.2,192.7,193.45,14365,3.5,2.55
17-01-2017,202.3,202.7,194.35,194.75,8745,8.35,7.55
16-01-2017,201.7,207.8,198.55,199.95,13611,9.25,1.75
13-01-2017,187.05,209.9,186.5,202.2,77604,23.4,-15.15
12-01-2017,191,192,185.75,186.4,12683,6.25,4.6
11-01-2017,192,193,189.95,191.5,3884,3.05,0.5
10-01-2017,191.9,193.8,188.3,189.25,9650,5.5,2.65
09-01-2017,191.9,191.95,188,190.9,3799,3.95,1
06-01-2017,192.5,194,189.1,190.8,9376,4.9,1.7
05-01-2017,188.5,193.3,187.65,191.85,7272,5.65,-3.35
04-01-2017,192.95,193.8,186.1,187.05,10037,7.7,5.9
03-01-2017,191.9,193,188.8,191.55,3729,4.2,0.35
02-01-2017,192,193.8,189,191.05,10332,4.8,0.95